Cycle;meanVel;maxVel;minVel;stdVel;maxAccel;maxDecel;stdAccel;stdDecel;meanAccel;meanDecel;rAccel;rDecel;rStop;stopCnt;meanStopDur;meanGear;gearChg
1;2.982661524;11.265408;0;3.35305849;2.503424;-2.056384;0.551674921;0.537418679;0.795548735;-0.672639256;0.293413174;0.25748503;0.365269461;3;20.33333333;1.208333333;9
1;4.731439429;11.801856;0;3.491776183;2.68224;-2.056384;0.6620497;0.51704538;0.903765867;-0.707813333;0.359281437;0.395209581;0.095808383;3;5.333333333;1.416666667;15
1;5.179277714;11.801856;0;3.6616297;2.68224;-2.637536;0.67485835;0.543487115;0.801691733;-0.702196677;0.359281437;0.389221557;0.113772455;4;4.75;1.511904762;16
1;5.757768762;11.801856;0;3.780985925;2.68224;-2.637536;0.678192989;0.531246483;0.779435871;-0.676476706;0.371257485;0.407185629;0.119760479;4;5;1.619047619;16
1;4.185145905;11.801856;0;3.852164979;2.68224;-2.637536;0.685856469;0.526177988;0.81791763;-0.711006476;0.323353293;0.377245509;0.239520958;5;8;1.398809524;12
1;2.231740762;10.013696;0;3.032284569;2.2352;-2.637536;0.55778736;0.534331001;0.750556632;-0.68805287;0.22754491;0.275449102;0.461077844;4;19.25;1.154761905;5
1;2.776969905;10.013696;0;3.031940469;1.609344;-1.475232;0.388238417;0.359362375;0.525272;-0.60171584;0.239520958;0.299401198;0.401197605;3;22.33333333;1.18452381;9
1;1.494656952;7.063232;0;2.219412937;1.475232;-1.475232;0.399445262;0.36225509;0.561780267;-0.601907429;0.179640719;0.167664671;0.610778443;2;51;1.071428571;6
1;2.472823048;9.38784;0;2.856774546;1.832864;-2.45872;0.426262752;0.578102127;0.6022848;-0.682393412;0.329341317;0.203592814;0.413173653;3;23;1.160714286;9
1;2.69288381;12.383008;0;3.64328194;1.832864;-2.45872;0.444978437;0.593694366;0.598424;-0.862316632;0.263473054;0.22754491;0.479041916;3;26.66666667;1.261904762;9
2;4.706586826;12.36111111;0;4.061457929;1.555555556;-1.472222222;0.351628043;0.406240373;0.566203704;-0.601626016;0.361445783;0.246987952;0.301204819;2;25;1.467065868;9
2;4.848968729;11.25;0;3.60434252;1.555555556;-1.472222222;0.301837533;0.399504767;0.517473118;-0.564613527;0.373493976;0.277108434;0.234939759;1;39;1.419161677;7
2;6.004657352;15.69444444;0;4.894261276;1.555555556;-1.472222222;0.301696762;0.322102053;0.485449736;-0.550747863;0.379518072;0.313253012;0.234939759;1;39;1.664670659;8
2;8.933632734;15.69444444;0.527777778;3.809309421;1.555555556;-1.5;0.314911666;0.354160993;0.553184282;-0.532552083;0.493975904;0.385542169;0;0;0;2.107784431;12
2;9.058882235;15.69444444;3.333333333;3.746694962;1.083333333;-1.5;0.303457777;0.294552079;0.527777778;-0.428462709;0.373493976;0.439759036;0;0;0;2.137724551;12
2;7.757984032;15.69444444;0;3.913120269;1.194444444;-1.5;0.34298105;0.287438226;0.63501292;-0.430555556;0.259036145;0.518072289;0.036144578;1;6;1.994011976;10
2;6.658183633;13.83333333;0;3.445855328;1.333333333;-1.5;0.38564982;0.335209199;0.602067183;-0.436899863;0.259036145;0.487951807;0.036144578;1;6;1.778443114;9
2;3.737192282;9.305555556;0;3.103914434;1.333333333;-1.472222222;0.391932086;0.341994594;0.535353535;-0.462264151;0.198795181;0.319277108;0.307228916;2;25.5;1.365269461;7
2;2.380405855;9.305555556;0;2.888610056;1.444444444;-1.472222222;0.428180232;0.358166522;0.671146953;-0.519444444;0.186746988;0.301204819;0.457831325;3;25.33333333;1.185628743;7
2;2.239687292;9.305555556;0;2.836478966;1.611111111;-1.472222222;0.471797324;0.452624269;0.695436508;-0.566137566;0.168674699;0.253012048;0.512048193;3;28.33333333;1.149700599;6
3;9.606630824;19.75;0;5.716543287;2.361111111;-4.083333333;0.514364007;0.69033517;0.686243386;-0.71194825;0.486111111;0.337962963;0.106481481;3;7.666666667;2.225806452;20
3;13.37992832;21.36111111;0;6.491267254;2.361111111;-4.083333333;0.51094846;0.785139507;0.66995221;-0.631313131;0.430555556;0.356481481;0.083333333;2;9;2.714285714;20
3;17.52483359;23.27777778;9.472222222;3.179986383;1.416666667;-3.611111111;0.337943252;0.497946581;0.457729469;-0.41468254;0.425925926;0.388888889;0;0;0;3.253456221;11
3;17.36123912;23.27777778;7.472222222;3.32739472;1.222222222;-3.611111111;0.286738357;0.597543399;0.381111111;-0.453828829;0.347222222;0.342592593;0;0;0;3.105990783;9
3;14.85739887;22.30555556;0.555555556;4.958663695;1.166666667;-1.916666667;0.308999806;0.452427034;0.359722222;-0.483641975;0.277777778;0.416666667;0;0;0;2.829493088;11
3;12.28213006;19.02777778;0;4.743684085;1.916666667;-1.916666667;0.359013101;0.457635623;0.447956577;-0.49257106;0.402777778;0.398148148;0.023148148;1;5;2.571428571;8
3;15.30926779;26.05555556;0;6.756026499;1.916666667;-2.527777778;0.324793516;0.489189337;0.512553419;-0.524256651;0.481481481;0.328703704;0.023148148;1;5;2.953917051;10
3;21.72107015;30.97222222;10.83333333;5.480419322;1.111111111;-2.527777778;0.250847136;0.432923595;0.502659574;-0.475308642;0.435185185;0.375;0;0;0;3.917050691;12
3;24.1734511;30.97222222;14.86111111;3.593985415;1.027777778;-1.694444444;0.225794863;0.275532416;0.38957476;-0.383333333;0.375;0.37037037;0;0;0;4.262672811;10
3;19.2062212;30.75;0;7.276886106;2.194444444;-2.805555556;0.430937557;0.605562184;0.469945355;-0.594166667;0.282407407;0.462962963;0.018518519;1;4;3.552995392;12
4;8.788377193;15.80555556;0;4.56580862;1.583333333;-1.472222222;0.428780215;0.400310784;0.588566828;-0.667328042;0.456953642;0.278145695;0.072847682;1;11;2.144736842;14
4;9.677814327;15.80555556;3.333333333;3.812788548;1.444444444;-1.472222222;0.397077779;0.433191223;0.540441176;-0.751666667;0.450331126;0.331125828;0;0;0;2.256578947;15
4;10.01297515;18.33333333;3.333333333;4.344041502;1.444444444;-1.472222222;0.38872774;0.437865163;0.595410628;-0.791919192;0.456953642;0.364238411;0;0;0;2.256578947;16
4;10.36750731;18.33333333;3.333333333;4.298952864;1.444444444;-1.472222222;0.352473206;0.45497041;0.564574315;-0.759259259;0.509933775;0.317880795;0;0;0;2.328947368;15
4;12.45979532;20.22222222;3.333333333;4.372292824;1.444444444;-1.472222222;0.341444297;0.470420025;0.480864198;-0.853174603;0.59602649;0.231788079;0;0;0;2.611842105;12
4;14.57017544;21.27777778;3.333333333;4.516598295;1.444444444;-1.472222222;0.340433439;0.491077775;0.457967836;-0.640022676;0.503311258;0.324503311;0;0;0;2.842105263;10
4;15.64272661;21.27777778;4.722222222;3.690747581;1.027777778;-1.472222222;0.253131371;0.464757775;0.393393393;-0.57349537;0.490066225;0.317880795;0;0;0;2.980263158;6
4;15.3870614;21.27777778;4.722222222;3.741211694;1.027777778;-1.472222222;0.24485518;0.475115097;0.376984127;-0.527777778;0.417218543;0.390728477;0;0;0;2.953947368;7
4;14.77613304;21.27777778;0;5.035283724;1.611111111;-1.5;0.353360771;0.486148503;0.423202614;-0.547863248;0.337748344;0.430463576;0.026490066;1;4;2.868421053;6
4;11.24104532;21.27777778;0;7.447738913;1.611111111;-1.5;0.436759367;0.486148503;0.587777778;-0.547863248;0.165562914;0.430463576;0.231788079;1;35;2.421052632;5
5;17.57351421;31.97222222;0;9.993332974;1.861111111;-2.416666667;0.408830455;0.514739088;0.578373016;-0.572033898;0.523364486;0.275700935;0.051401869;2;5.5;3.376744186;12
5;28.56343669;36.41666667;10.19444444;6.927824789;1.194444444;-1.194444444;0.270743662;0.271016128;0.413773148;-0.316570881;0.448598131;0.271028037;0;0;0;4.623255814;4
5;33.86627907;36.41666667;29.52777778;1.879873342;0.694444444;-0.805555556;0.133178401;0.13068143;0.238363363;-0.197530864;0.345794393;0.294392523;0;0;0;5;0
5;34.11860465;36.61111111;23.22222222;2.912398817;0.833333333;-2.305555556;0.143184489;0.408437165;0.243781094;-0.337893864;0.313084112;0.313084112;0;0;0;4.976744186;2
5;31.80400517;36.61111111;12.75;4.269321004;0.833333333;-3.361111111;0.166230085;0.607793294;0.315068493;-0.580520394;0.341121495;0.369158879;0;0;0;4.920930233;4
5;28.40465116;33.36111111;11.91666667;4.398201297;1.277777778;-3.361111111;0.293747856;0.64532338;0.397147147;-0.633578431;0.518691589;0.317757009;0;0;0;4.804651163;6
5;30.35413437;36.16666667;11.91666667;5.251742926;1.277777778;-3.361111111;0.321213317;0.589940447;0.34004884;-0.43627451;0.425233645;0.317757009;0;0;0;4.827906977;4
5;33.5630491;36.16666667;29.52777778;1.64418503;0.583333333;-0.972222222;0.113172243;0.199059062;0.237156511;-0.275641026;0.434579439;0.303738318;0;0;0;5;0
5;30.62751938;36.16666667;14.66666667;5.52240694;1.055555556;-2.25;0.224978623;0.399114971;0.350562588;-0.441830065;0.369158879;0.397196262;0;0;0;4.730232558;4
5;21.22118863;36.16666667;2.777777778;9.867652406;1.916666667;-3.194444444;0.406348449;0.61043836;0.536805556;-0.725555556;0.373831776;0.46728972;0;0;0;3.702325581;20
6;18.43302988;22.12848;0;4.477880715;1.430528;-1.207008;0.352625635;0.280824951;0.382319284;-0.329692;0.364130435;0.130434783;0.016304348;1;3;3.497297297;6
6;20.4135379;22.12848;17.43456;1.1508413;0.491744;-1.207008;0.091349611;0.251185457;0.203276679;-0.317119;0.288043478;0.173913043;0;0;0;3.772972973;10
6;19.56681998;21.949664;12.695936;2.010435269;0.983488;-1.207008;0.20255524;0.230640571;0.287492966;-0.361281306;0.315217391;0.266304348;0;0;0;3.621621622;12
6;21.11430331;26.37536;12.695936;3.270253826;0.983488;-0.849376;0.193525539;0.176068489;0.281923613;-0.343662;0.336956522;0.173913043;0;0;0;3.956756757;8
6;23.09336147;26.777696;12.695936;3.726748782;0.983488;-0.849376;0.209366151;0.195375042;0.289261176;-0.325700571;0.277173913;0.152173913;0;0;0;4.416216216;3
6;25.36190824;26.777696;20.78736;1.072677755;0.312928;-0.22352;0.078065298;0.030139431;0.217751742;-0.150368;0.168478261;0.059782609;0;0;0;4.762162162;2
6;25.21740558;26.777696;23.335488;0.787579673;0.22352;-0.22352;0.029077432;0.029887213;0.151305846;-0.152738667;0.070652174;0.065217391;0;0;0;4.578378378;3
6;23.97680917;26.062432;20.608544;1.455635353;0.536448;-0.402336;0.117953389;0.088348916;0.246936381;-0.197442667;0.114130435;0.130434783;0;0;0;4.232432432;3
6;23.16754595;25.03424;20.56384;1.292497868;0.536448;-1.028192;0.096488029;0.213094277;0.222526578;-0.268224;0.244565217;0.201086957;0;0;0;4.075675676;2
6;21.88732004;26.464768;1.475232;4.366743719;0.536448;-1.475232;0.089580929;0.411269028;0.2170176;-0.469996108;0.298913043;0.402173913;0;0;0;3.956756757;5
7;4.031116453;13.58333333;0;4.80237306;2.861111111;-1.777777778;0.538549627;0.459509011;0.716475096;-0.675438596;0.280193237;0.275362319;0.400966184;4;20.75;1.461538462;8
7;4.823584402;13.58333333;0;4.486017895;2.861111111;-1.833333333;0.615482909;0.432224397;0.704616588;-0.626296296;0.342995169;0.362318841;0.236714976;5;9.8;1.509615385;12
7;6.046073718;16.02777778;0;5.089722791;2.861111111;-3.138888889;0.591874287;0.585694072;0.728505291;-0.702269171;0.405797101;0.342995169;0.198067633;4;10.25;1.682692308;14
7;7.755074787;16.02777778;0;5.082294909;2.444444444;-3.138888889;0.530694614;0.674706644;0.706560284;-0.785968661;0.45410628;0.376811594;0.09178744;4;4.75;1.951923077;17
7;8.480902778;16.02777778;0;5.17019655;2;-3.138888889;0.51629894;0.842917109;0.710917313;-0.955638474;0.415458937;0.323671498;0.173913043;2;18;2.100961538;22
7;4.428819444;13.66666667;0;4.966134938;2.166666667;-3;0.584213117;0.782228043;0.878367003;-1.037698413;0.31884058;0.270531401;0.38647343;6;13.33333333;1.533653846;18
7;2.756009615;12.83333333;0;4.040330756;2.166666667;-2.5;0.609393431;0.648349871;0.861111111;-1.011243386;0.260869565;0.202898551;0.54589372;5;22.6;1.293269231;14
7;2.914930556;11.69444444;0;3.623878184;2.166666667;-1.944444444;0.525832614;0.532106432;0.865421456;-0.892156863;0.280193237;0.246376812;0.458937198;4;23.75;1.269230769;11
7;3.805021367;11.69444444;0;3.647245776;2.138888889;-1.944444444;0.477152681;0.491657972;0.690849673;-0.707001522;0.410628019;0.352657005;0.222222222;8;5.75;1.341346154;11
7;4.856169872;12.22222222;0;3.525452115;2.361111111;-2.361111111;0.506972878;0.54176462;0.708656331;-0.699810606;0.415458937;0.425120773;0.125603865;8;3.25;1.466346154;14
8;6.433192432;15.51666667;0;4.930188018;2.188888889;-2.169444444;0.635615392;0.613490629;0.987326389;-1.052944444;0.467153285;0.364963504;0.145985401;4;5;1.731884058;17
8;6.281038647;15.51666667;0;4.951717473;2.502777778;-2.541666667;0.661412033;0.650017538;1.09454023;-1.110526316;0.423357664;0.416058394;0.145985401;4;5;1.710144928;18
8;6.589613526;15.51666667;0;5.113538471;2.502777778;-2.541666667;0.65570205;0.658188532;0.997446237;-1.099946581;0.452554745;0.379562044;0.145985401;4;5;1.797101449;16
8;7.288224638;15.51666667;0;4.841496629;2.502777778;-2.541666667;0.661255497;0.673376676;0.994713262;-1.069047619;0.452554745;0.408759124;0.109489051;3;5;1.898550725;19
8;6.723168277;15.51666667;0;4.942176155;2.502777778;-2.541666667;0.672328993;0.662076283;0.950471698;-1.031693989;0.386861314;0.445255474;0.145985401;4;5;1.833333333;18
8;6.746316425;14.10833333;0;4.67747627;2.502777778;-2.541666667;0.67343652;0.652199844;1.039548023;-0.948958333;0.430656934;0.408759124;0.138686131;4;4.75;1.847826087;19
8;6.499919485;14.10833333;0;4.610841215;2.502777778;-2.541666667;0.708218491;0.672723826;1.049305556;-0.984587814;0.379562044;0.452554745;0.145985401;4;5;1.797101449;18
8;7.287862319;14.10833333;0;4.411980317;2.502777778;-2.541666667;0.684507513;0.634328674;1.081051587;-0.872495446;0.408759124;0.445255474;0.109489051;3;5;1.920289855;18
8;6.482950886;13.8;0;4.393666812;2.502777778;-2.541666667;0.678007112;0.679010505;1.102983539;-0.988009259;0.394160584;0.437956204;0.145985401;4;5;1.797101449;18
8;7.27105475;13.8;0;4.347625999;2.463888889;-2.486111111;0.657484512;0.623758817;0.996767677;-0.936022928;0.401459854;0.459854015;0.109489051;3;5;1.934782609;19
9;10.92501998;23.26388889;0;7.583564004;2.877777778;-2.602777778;0.676497867;0.636454641;0.919731801;-0.872037037;0.420289855;0.434782609;0.108695652;3;5;2.316546763;14
9;10.80019984;23.26388889;0;7.431454749;2.877777778;-2.602777778;0.63745263;0.637504121;0.894292929;-0.889417989;0.398550725;0.456521739;0.072463768;2;5;2.28057554;13
9;9.261131095;20.31388889;0;6.574727983;2.877777778;-2.697222222;0.686780853;0.67277526;0.940909091;-0.964021164;0.398550725;0.456521739;0.072463768;2;5;2.057553957;14
9;7.857553957;19.43333333;0;5.694937599;2.877777778;-2.711111111;0.685117603;0.732312504;0.988135593;-1.035546139;0.427536232;0.427536232;0.072463768;2;5;1.863309353;15
9;8.501558753;19.43333333;0;5.874794788;2.877777778;-2.711111111;0.673420591;0.711754599;1.039453125;-1.004242424;0.463768116;0.398550725;0.072463768;2;5;1.971223022;15
9;11.25409672;27.76666667;0;7.673039046;2.408333333;-2.711111111;0.584132301;0.716557878;0.941384863;-0.993464052;0.5;0.369565217;0.036231884;1;5;2.381294964;15
9;12.14574341;27.76666667;0;8.511719739;2.408333333;-2.711111111;0.602466518;0.694706902;0.927222222;-0.999022634;0.471014493;0.391304348;0.036231884;1;5;2.539568345;16
9;13.26528777;27.76666667;0;8.7625764;2.408333333;-2.711111111;0.602466518;0.717778877;0.927222222;-0.902324263;0.471014493;0.355072464;0.028985507;1;4;2.697841727;16
9;14.97326139;27.76666667;1.911111111;7.422812483;2.408333333;-2.711111111;0.611422864;0.682271854;0.943951613;-0.936205273;0.449275362;0.427536232;0;0;0;2.935251799;17
9;14.5503797;27.76666667;0;7.98326565;2.491666667;-2.711111111;0.650795484;0.639720154;0.949199623;-0.910344828;0.427536232;0.420289855;0.036231884;1;5;2.884892086;17
10;16.42047105;31.605728;0;10.06585521;3.755136;-2.592832;0.900897745;0.741516289;1.077664427;-0.93726861;0.449101796;0.353293413;0.125748503;3;7;3.178571429;20
10;21.38820305;31.605728;0;8.659617506;3.755136;-2.503424;0.823267562;0.598567318;0.872018286;-0.726026074;0.461077844;0.323353293;0.053892216;2;4.5;3.946428571;16
10;23.36635505;31.605728;0;8.307472638;3.084576;-2.503424;0.77610349;0.584891264;0.606484267;-0.690260068;0.359281437;0.353293413;0.047904192;1;8;4.273809524;10
10;27.565604;33.483296;17.345152;2.538568083;1.877568;-1.072896;0.303736716;0.250843678;0.348570378;-0.327829333;0.443113772;0.215568862;0;0;0;4.857142857;4
10;29.94768857;35.897312;25.92832;2.521892502;1.251712;-1.430528;0.203478434;0.313906927;0.294139362;-0.4034536;0.413173653;0.239520958;0;0;0;5;0
10;30.66907276;35.897312;27.627072;2.303050792;1.251712;-1.430528;0.203503115;0.291039101;0.283802667;-0.36576;0.395209581;0.263473054;0;0;0;5;0
10;31.42478324;35.897312;27.314144;1.833349102;1.251712;-1.475232;0.204622221;0.312178637;0.289179;-0.368597132;0.383233533;0.317365269;0;0;0;5;0
10;27.89582819;35.897312;0;7.783083796;0.44704;-3.084576;0.081419285;0.603872452;0.205232;-0.603504;0.263473054;0.443113772;0.02994012;1;5;4.636904762;4
10;21.02152381;32.723328;0;11.63684272;2.548128;-3.084576;0.869503783;0.782627557;0.819573333;-0.891787487;0.28742515;0.467065868;0.047904192;1;8;3.75;16
10;14.88962514;31.73984;0;10.86420446;2.995168;-3.084576;0.959559777;0.839142604;1.42426944;-1.154596414;0.299401198;0.520958084;0.095808383;2;8;2.982142857;25
11;13.69354839;24.94444444;0;6.631767955;1.666666667;-1.472222222;0.389483837;0.444807462;0.52979798;-0.680555555;0.594594595;0.27027027;0.021621622;1;4;2.666666667;13
11;19.44922342;27.05555556;3.333333333;7.278070191;1.416666667;-1.472222222;0.313364464;0.451754772;0.393640351;-0.618253968;0.410810811;0.189189189;0;0;0;3.629032258;8
11;22.73655914;27.05555556;3.861111111;4.39999756;1.416666667;-0.222222222;0.321363595;0.027183532;0.370811287;-0.168650794;0.340540541;0.151351351;0;0;0;4.209677419;5
11;21.56466547;27.05555556;7.583333333;4.929802948;1.111111111;-1.472222222;0.309847799;0.346231875;0.432222222;-0.383156967;0.135135135;0.340540541;0;0;0;4.037634409;4
11;14.36200717;24.27777778;0;7.602687028;1.111111111;-1.5;0.312736807;0.447962963;0.462962963;-0.535353535;0.210810811;0.416216216;0.091891892;1;17;2.892473118;11
11;10.61589008;22.66666667;0;6.76364169;1.111111111;-1.5;0.292702365;0.435792908;0.497340944;-0.612318841;0.394594595;0.372972973;0.145945946;1;27;2.344086022;15
11;15.62201314;34.36111111;0;11.56807591;1.055555556;-1.5;0.266270545;0.419822989;0.457635241;-0.471618357;0.535135135;0.248648649;0.145945946;1;27;2.989247312;13
11;24.76388889;34.36111111;0;9.022759866;1.055555556;-0.666666667;0.238283132;0.15663375;0.393129002;-0.26873385;0.637837838;0.232432432;0.005405405;1;1;4.204301075;6
11;32.27031063;36.47222222;23.58333333;3.100273756;0.694444444;-0.527777778;0.124743838;0.123501591;0.261111111;-0.237573099;0.432432432;0.205405405;0;0;0;4.983870968;1
11;28.89874552;36.47222222;2.416666667;8.164285515;0.388888889;-1;0.087499093;0.276859456;0.21572104;-0.478473611;0.254054054;0.432432432;0;0;0;4.548387097;4
12;20.91182076;33.38888889;2.863888889;7.794025462;2.608333333;-2.316666667;0.504970979;0.602837637;0.688703704;-0.597222222;0.551470588;0.257352941;0;0;0;3.817518248;10
12;23.68400243;35.84444444;7.816666667;7.795550863;1.497222222;-2.316666667;0.378959316;0.602587884;0.60470679;-0.578472222;0.529411765;0.264705882;0;0;0;4.109489051;8
12;26.1046837;37.34722222;7.816666667;7.970756757;1.497222222;-2.316666667;0.361280009;0.592982024;0.597222222;-0.557894737;0.477941176;0.279411765;0;0;0;4.328467153;7
12;27.90490673;37.34722222;7.816666667;7.949826731;1.497222222;-2.316666667;0.368340898;0.573443138;0.58042735;-0.594583333;0.477941176;0.294117647;0;0;0;4.510948905;5
12;30.28700324;37.34722222;11.72222222;5.489667726;1.497222222;-0.844444444;0.382036158;0.228663319;0.563037634;-0.361180556;0.455882353;0.294117647;0;0;0;4.795620438;2
12;31.71620032;37.34722222;23.17777778;3.137992247;1.497222222;-0.844444444;0.366897579;0.234507945;0.474109015;-0.37885101;0.389705882;0.323529412;0;0;0;4.97810219;1
12;32.0703163;37.34722222;27.06666667;2.752312888;0.9;-0.844444444;0.223736456;0.216543682;0.358503401;-0.328252033;0.360294118;0.301470588;0;0;0;5;0
12;32.77345904;37.34722222;27.06666667;2.585613516;0.9;-0.844444444;0.21706382;0.224578598;0.396010101;-0.347762346;0.404411765;0.264705882;0;0;0;5;0
12;33.02126926;37.34722222;24.275;2.471049545;0.9;-1.4;0.209059993;0.306951949;0.383043982;-0.49003268;0.352941176;0.375;0;0;0;4.99270073;0
12;30.5548459;37.34722222;1.594444444;7.809445045;0.794444444;-1.75;0.186108052;0.49220423;0.365447154;-0.702860697;0.301470588;0.492647059;0;0;0;4.693430657;4
